Dimension,Value,Avg_Time,Std_Dev
I,10000,0.30610431999666615,0.007289294458272688
I,25000,0.8095134200004395,0.06849920081786996
I,50000,1.5157222399953754,0.012227106388568743
I,75000,2.64119975999929,0.331989116076376
I,100000,3.581712719995994,0.20756058549497342
M,100,0.17473122000228614,0.004751610400787093
M,500,0.872959419991821,0.03324585159716402
M,1000,1.7514393000048585,0.018790811298485973
M,2500,4.35151076001348,0.01889486457862382
M,5000,9.099303779989715,0.23514509955389468
