Paths,Avg_Time,Std_Dev,Min_Time,Max_Time
10000,0.2795235633850098,0.006412591470201787,0.26862454414367676,0.2877197265625
50000,1.365976619720459,0.021745118406235872,1.3292810916900635,1.3959331512451172
100000,2.7930335998535156,0.04227722679728208,2.7590715885162354,2.875577211380005
