Paths,Avg_Time,Std_Dev,Min_Time,Max_Time
10000,0.2263403399847448,0.011906584922743489,0.21667409990914166,0.2483059000223875
50000,1.021265560016036,0.02271135864168643,0.9899812000803649,1.0558706000447273
100000,2.0216837000101804,0.02451268752824662,1.9897376999724656,2.0536979001481086
