Dimension,Value,Avg_Time,Std_Dev
I,10000,0.29045614000060593,0.010710115247155545
I,25000,0.7316294000018388,0.028332615223046
I,50000,1.4462821600027382,0.06148035712828564
I,75000,3.2263293600059115,0.2622134921257923
I,100000,3.890694459999213,0.32577737824077757
M,100,0.17973085999838076,0.011025757122794858
M,500,0.870789860014338,0.023515185463281484
M,1000,1.7673951199976727,0.04455366820947892
M,2500,4.595078939996893,0.2920749300557208
M,5000,8.676159999991068,0.10255263959167142
